{
  "project_info": {
    "project_number": "1007026752728",
    "project_id": "reminder-155c3",
    "storage_bucket": "reminder-155c3.firebasestorage.app"
  },
  "client": [
    {
      "client_info": {
        "mobilesdk_app_id": "1:1007026752728:android:72e3346eb267fe13a1dbad",
        "android_client_info": {
          "package_name": "com.example.reminder"
        }
      },
      "oauth_client": [
        {
          "client_id": "1007026752728-i6943na62fqb3f61atah8kp3ee5em98r.apps.googleusercontent.com",
          "client_type": 3
        }
      ],
      "api_key": [
        {
          "current_key": "AIzaSyAiXuQIfZRpJwRAoh96I5TRFf79DPMn_no"
        }
      ],
      "services": {
        "appinvite_service": {
          "other_platform_oauth_client": [
            {
              "client_id": "1007026752728-i6943na62fqb3f61atah8kp3ee5em98r.apps.googleusercontent.com",
              "client_type": 3
            },
            {
              "client_id": "1007026752728-93ui65693cfh85ickdk05vtiqiaernqa.apps.googleusercontent.com",
              "client_type": 2,
              "ios_info": {
                "bundle_id": "com.example.reminder"
              }
            }
          ]
        }
      }
    }
  ],
  "configuration_version": "1"
}